Workbook

Sheet Inputs
B1: Inputs | fictional example
B4: Line item | C4: Constant / unit | D4: =Time!D4 -> 2025 | E4: =Time!E4 -> 2026 | F4: =Time!F4 -> 2027
B5: Annual expense | C5: 1200 | H5: Original fictional figures. The rate illustrates a balance schedule; it is not a tax assumption.
B6: Day-count basis (days) | C6: 365
B7: Initial balance | C7: 5000 | H7: Numeric inputs and a positive day-count basis are prerequisites. Change a yellow cell to see formulas update.
B8: Annual balance reduction rate | C8: 0.2
B10: Eligible days | C10: days | D10: 365 | E10: 183 | F10: 365
B14: Formatting legend | H14: FAST conventions illustrated: local ingredients, chronological periods, short formulas and consistent patterns. No certification is claimed.
B15: Entered input: yellow fill
B16: Import link: blue font
B17: Exported calculated result: red font
B18: Local calculation: black font

Sheet Time
B1: Time | fictional example
B4: Line item | C4: Constant / unit | D4: 2025 | E4: =D4+1 -> 2026 | F4: =E4+1 -> 2027
B7: First period flag | D7: =D$4=$D$4 -> TRUE | E7: =E$4=$D$4 -> FALSE | F7: =F$4=$D$4 -> FALSE | H7: The first-period flag provides initialization while keeping one opening-balance formula across all periods.
B9: Exposure fraction
B10: Eligible days | D10: =Inputs!D10 -> 365 | E10: =Inputs!E10 -> 183 | F10: =Inputs!F10 -> 365
B11: Day-count basis | D11: =Inputs!$C$6 -> 365 | E11: =Inputs!$C$6 -> 365 | F11: =Inputs!$C$6 -> 365
B13: Exposure fraction | D13: =D10/D11 -> 1 | E13: =E10/E11 -> 0.50136986 | F13: =F10/F11 -> 1

Sheet Workings
B1: Workings | fictional example
B4: Line item | C4: Constant / unit | D4: =Time!D4 -> 2025 | E4: =Time!E4 -> 2026 | F4: =Time!F4 -> 2027
B8: Allocated expense
B9: Annual expense | D9: =Inputs!$C$5 -> 1200 | E9: =Inputs!$C$5 -> 1200 | F9: =Inputs!$C$5 -> 1200
B10: Exposure fraction | D10: =Time!D13 -> 1 | E10: =Time!E13 -> 0.50136986 | F10: =Time!F13 -> 1
B12: Allocated expense | D12: =D9*D10 -> 1200 | E12: =E9*E10 -> 601.64384 | F12: =F9*F10 -> 1200
B19: Balance reduction
B20: First period flag | D20: =Time!D7 -> TRUE | E20: =Time!E7 -> FALSE | F20: =Time!F7 -> FALSE
B21: Initial balance | C21: =Inputs!$C$7 -> 5000
B22: Opening balance | D22: =IF(D20,$C21,C36) -> 5000 | E22: =IF(E20,$C21,D36) -> 4000 | F22: =IF(F20,$C21,E36) -> 3598.9041 | H22: Initialization is explicit through the local flag. Later openings use the previous calculated closing; no missing history is fabricated.
B23: Annual reduction rate | C23: =Inputs!$C$8 -> 0.2
B24: Exposure fraction | D24: =Time!D13 -> 1 | E24: =Time!E13 -> 0.50136986 | F24: =Time!F13 -> 1
B26: Balance reduction | D26: =MIN(D22,D22*$C23*D24) -> 1000 | E26: =MIN(E22,E22*$C23*E24) -> 401.09589 | F26: =MIN(F22,F22*$C23*F24) -> 719.78082 | H26: Claim is capped at the available opening balance. Magnitude and timing are separate ingredients.
B31: Closing balance
B32: Opening balance | D32: =D22 -> 5000 | E32: =E22 -> 4000 | F32: =F22 -> 3598.9041
B33: Balance reduction | D33: =D26 -> 1000 | E33: =E26 -> 401.09589 | F33: =F26 -> 719.78082
B36: Closing balance | D36: =D32-D33 -> 4000 | E36: =E32-E33 -> 3598.9041 | F36: =F32-F33 -> 2879.1233 | H36: Closing has its own block: opening less reduction. Repeated ingredient links keep each block readable.
B39: Balance reconciliation
B40: Opening balance | D40: =D22 -> 5000 | E40: =E22 -> 4000 | F40: =F22 -> 3598.9041
B41: Balance reduction | D41: =D26 -> 1000 | E41: =E26 -> 401.09589 | F41: =F26 -> 719.78082
B42: Closing balance | D42: =D36 -> 4000 | E42: =E36 -> 3598.9041 | F42: =F36 -> 2879.1233
B44: Check (expected zero) | D44: =D40-SUM(D41:D42) -> 0 | E44: =E40-SUM(E41:E42) -> 0 | F44: =F40-SUM(F41:F42) -> 0

Sheet Outputs
B1: Outputs | fictional example
B4: Line item | C4: Constant / unit | D4: =Time!D4 -> 2025 | E4: =Time!E4 -> 2026 | F4: =Time!F4 -> 2027
B8: Reported results
B9: Allocated expense | D9: =Workings!D12 -> 1200 | E9: =Workings!E12 -> 601.64384 | F9: =Workings!F12 -> 1200 | H9: Report lines link to the calculated results. The subtotal is a plain SUM over its contributing rows.
B10: Balance reduction | D10: =Workings!D26 -> 1000 | E10: =Workings!E26 -> 401.09589 | F10: =Workings!F26 -> 719.78082
B12: Combined illustrated expense | D12: =SUM(D9:D10) -> 2200 | E12: =SUM(E9:E10) -> 1002.7397 | F12: =SUM(F9:F10) -> 1919.7808
B15: Closing balance | D15: =Workings!D36 -> 4000 | E15: =Workings!E36 -> 3598.9041 | F15: =Workings!F36 -> 2879.1233
B18: Balance check (expected zero) | D18: =Workings!D44 -> 0 | E18: =Workings!E44 -> 0 | F18: =Workings!F44 -> 0 | H18: This is a numerical reconciliation, not a count of populated cells.
